Administrative Info;;;;;;;Taxonomy / Path;;;;;
Key;Possible Values;Match Partner KEY/Value;Private/
Public;Price (assumed to be CPM);Release Date;BK 
Category ID;Level1;Level2;Level3;Level4;Description;Notes/Comments
;;;;;;;;;;;OGURY data is unique, high quality, directly ingested mobile-specific data. We collect this data using a proprietary algorithm crunching billions of data points from over an ever-growing 150M+ active user base.;Top Level Description
;;;public;;2015-10-18;TBD; Certified Intenders;;;;OGURY Certified Intender data is extracted from proprietary algorithmic observation of mobile behavior and signals clear consumer intent to purchase;Navigational Node
;;;public;$1.50;2015-10-18;TBD; Certified Intenders;Automotive;;;Users who have shown intent to purchase Automotive related products/services";
;;;public;;2015-10-18;TBD; Certified Intenders;Automotive;Makes;;Users who have shown intent to purchase Automotive related products/services by Make;Navigational Node
og003;1;ADID;public;$1.50;2015-10-18;TBD; Certified Intenders;Automotive;Makes;Abarth;Users who have shown intent to purchase Abarth related products/services;
og004;1;ADID;public;$1.50;2015-10-18;TBD; Certified Intenders;Automotive;Makes;Acura;Users who have shown intent to purchase Acura related products/services;
og005;1;ADID;public;$1.50;2015-10-18;TBD; Certified Intenders;Automotive;Makes;Aixam;Users who have shown intent to purchase Aixam related products/services;
og006;1;ADID;public;$1.50;2015-10-18;TBD; Certified Intenders;Automotive;Makes;Alfa Romeo;Users who have shown intent to purchase Alfa Romeo related products/services;
og007;1;ADID;public;$1.50;2015-10-18;TBD; Certified Intenders;Automotive;Makes;American Motors;Users who have shown intent to purchase American Motors related products/services;
og008;1;ADID;public;$1.50;2015-10-18;TBD; Certified Intenders;Automotive;Makes;Ariel;Users who have shown intent to purchase Ariel related products/services;
og009;1;ADID;public;$1.50;2015-10-18;TBD; Certified Intenders;Automotive;Makes;Aston Martin;Users who have shown intent to purchase Aston Martin related products/services;
og010;1;ADID;public;$1.50;2015-10-18;TBD; Certified Intenders;Automotive;Makes;Auburn;Users who have shown intent to purchase Auburn related products/services;
og011;1;ADID;public;$1.50;2015-10-18;TBD; Certified Intenders;Automotive;Makes;Audi;Users who have shown intent to purchase Audi related products/services;
og012;1;ADID;public;$1.50;2015-10-18;TBD; Certified Intenders;Automotive;Makes;Austin Healey;Users who have shown intent to purchase Austin Healey related products/services;
og013;1;ADID;public;$1.50;2015-10-18;TBD; Certified Intenders;Automotive;Makes;Bentley;Users who have shown intent to purchase Bentley related products/services;
og014;1;ADID;public;$1.50;2015-10-18;TBD; Certified Intenders;Automotive;Makes;BMW;Users who have shown intent to purchase BMW related products/services;
og015;1;ADID;public;$1.50;2015-10-18;TBD; Certified Intenders;Automotive;Makes;Bugatti;Users who have shown intent to purchase Bugatti related products/services;
og016;1;ADID;public;$1.50;2015-10-18;TBD; Certified Intenders;Automotive;Makes;Buick;Users who have shown intent to purchase Buick related products/services;
og017;1;ADID;public;$1.50;2015-10-18;TBD; Certified Intenders;Automotive;Makes;Cadillac;Users who have shown intent to purchase Cadillac related products/services;
og018;1;ADID;public;$1.50;2015-10-18;TBD; Certified Intenders;Automotive;Makes;Chevrolet;Users who have shown intent to purchase Chevrolet related products/services;
og019;1;ADID;public;$1.50;2015-10-18;TBD; Certified Intenders;Automotive;Makes;Chrysler;Users who have shown intent to purchase Chrysler related products/services;
og020;1;ADID;public;$1.50;2015-10-18;TBD; Certified Intenders;Automotive;Makes;Citroen;Users who have shown intent to purchase Citroen related products/services;
og021;1;ADID;public;$1.50;2015-10-18;TBD; Certified Intenders;Automotive;Makes;Dacia;Users who have shown intent to purchase Dacia related products/services;
og022;1;ADID;public;$1.50;2015-10-18;TBD; Certified Intenders;Automotive;Makes;Daewoo;Users who have shown intent to purchase Daewoo related products/services;
og023;1;ADID;public;$1.50;2015-10-18;TBD; Certified Intenders;Automotive;Makes;Daihatsu;Users who have shown intent to purchase Daihatsu related products/services;
og024;1;ADID;public;$1.50;2015-10-18;TBD; Certified Intenders;Automotive;Makes;Datsun;Users who have shown intent to purchase Datsun related products/services;
og025;1;ADID;public;$1.50;2015-10-18;TBD; Certified Intenders;Automotive;Makes;De Tomaso;Users who have shown intent to purchase De Tomaso related products/services;
og026;1;ADID;public;$1.50;2015-10-18;TBD; Certified Intenders;Automotive;Makes;DeLorean/DMC;Users who have shown intent to purchase DeLorean/DMC related products/services;
og027;1;ADID;public;$1.50;2015-10-18;TBD; Certified Intenders;Automotive;Makes;DeSoto;Users who have shown intent to purchase DeSoto related products/services;
og028;1;ADID;public;$1.50;2015-10-18;TBD; Certified Intenders;Automotive;Makes;Dodge;Users who have shown intent to purchase Dodge related products/services;
og029;1;ADID;public;$1.50;2015-10-18;TBD; Certified Intenders;Automotive;Makes;Eagle;Users who have shown intent to purchase Eagle related products/services;
og030;1;ADID;public;$1.50;2015-10-18;TBD; Certified Intenders;Automotive;Makes;Ferrari;Users who have shown intent to purchase Ferrari related products/services;
og031;1;ADID;public;$1.50;2015-10-18;TBD; Certified Intenders;Automotive;Makes;Fiat;Users who have shown intent to purchase Fiat related products/services;
og032;1;ADID;public;$1.50;2015-10-18;TBD; Certified Intenders;Automotive;Makes;Ford;Users who have shown intent to purchase Ford related products/services;
og033;1;ADID;public;$1.50;2015-10-18;TBD; Certified Intenders;Automotive;Makes;Geo;Users who have shown intent to purchase Geo related products/services;
og034;1;ADID;public;$1.50;2015-10-18;TBD; Certified Intenders;Automotive;Makes;GMC;Users who have shown intent to purchase GMC related products/services;
og035;1;ADID;public;$1.50;2015-10-18;TBD; Certified Intenders;Automotive;Makes;Holden;Users who have shown intent to purchase Holden related products/services;
og036;1;ADID;public;$1.50;2015-10-18;TBD; Certified Intenders;Automotive;Makes;Honda;Users who have shown intent to purchase Honda related products/services;
og037;1;ADID;public;$1.50;2015-10-18;TBD; Certified Intenders;Automotive;Makes;Hummer;Users who have shown intent to purchase Hummer related products/services;
og038;1;ADID;public;$1.50;2015-10-18;TBD; Certified Intenders;Automotive;Makes;Hyundai;Users who have shown intent to purchase Hyundai related products/services;
og039;1;ADID;public;$1.50;2015-10-18;TBD; Certified Intenders;Automotive;Makes;Infiniti;Users who have shown intent to purchase Infiniti related products/services;
og040;1;ADID;public;$1.50;2015-10-18;TBD; Certified Intenders;Automotive;Makes;International;Users who have shown intent to purchase International related products/services;
og041;1;ADID;public;$1.50;2015-10-18;TBD; Certified Intenders;Automotive;Makes;Isuzu;Users who have shown intent to purchase Isuzu related products/services;
og042;1;ADID;public;$1.50;2015-10-18;TBD; Certified Intenders;Automotive;Makes;Jaguar;Users who have shown intent to purchase Jaguar related products/services;
og043;1;ADID;public;$1.50;2015-10-18;TBD; Certified Intenders;Automotive;Makes;Jeep;Users who have shown intent to purchase Jeep related products/services;
og044;1;ADID;public;$1.50;2015-10-18;TBD; Certified Intenders;Automotive;Makes;Kia;Users who have shown intent to purchase Kia related products/services;
og045;1;ADID;public;$1.50;2015-10-18;TBD; Certified Intenders;Automotive;Makes;Koenigsegg;Users who have shown intent to purchase Koenigsegg related products/services;
og046;1;ADID;public;$1.50;2015-10-18;TBD; Certified Intenders;Automotive;Makes;Lada;Users who have shown intent to purchase Lada related products/services;
og047;1;ADID;public;$1.50;2015-10-18;TBD; Certified Intenders;Automotive;Makes;Lamborghini;Users who have shown intent to purchase Lamborghini related products/services;
og048;1;ADID;public;$1.50;2015-10-18;TBD; Certified Intenders;Automotive;Makes;Lancia;Users who have shown intent to purchase Lancia related products/services;
og049;1;ADID;public;$1.50;2015-10-18;TBD; Certified Intenders;Automotive;Makes;Land Rover;Users who have shown intent to purchase Land Rover related products/services;
og050;1;ADID;public;$1.50;2015-10-18;TBD; Certified Intenders;Automotive;Makes;Lexus;Users who have shown intent to purchase Lexus related products/services;
og051;1;ADID;public;$1.50;2015-10-18;TBD; Certified Intenders;Automotive;Makes;Lincoln;Users who have shown intent to purchase Lincoln related products/services;
og052;1;ADID;public;$1.50;2015-10-18;TBD; Certified Intenders;Automotive;Makes;Lotus;Users who have shown intent to purchase Lotus related products/services;
og053;1;ADID;public;$1.50;2015-10-18;TBD; Certified Intenders;Automotive;Makes;Maserati;Users who have shown intent to purchase Maserati related products/services;
og054;1;ADID;public;$1.50;2015-10-18;TBD; Certified Intenders;Automotive;Makes;Maybach;Users who have shown intent to purchase Maybach related products/services;
og055;1;ADID;public;$1.50;2015-10-18;TBD; Certified Intenders;Automotive;Makes;Mazda;Users who have shown intent to purchase Mazda related products/services;
og056;1;ADID;public;$1.50;2015-10-18;TBD; Certified Intenders;Automotive;Makes;McLaren;Users who have shown intent to purchase McLaren related products/services;
og057;1;ADID;public;$1.50;2015-10-18;TBD; Certified Intenders;Automotive;Makes;Mercedes Benz;Users who have shown intent to purchase Mercedes Benz related products/services;
og058;1;ADID;public;$1.50;2015-10-18;TBD; Certified Intenders;Automotive;Makes;Mercury;Users who have shown intent to purchase Mercury related products/services;
og059;1;ADID;public;$1.50;2015-10-18;TBD; Certified Intenders;Automotive;Makes;MINI;Users who have shown intent to purchase MINI related products/services;
og060;1;ADID;public;$1.50;2015-10-18;TBD; Certified Intenders;Automotive;Makes;Mitsubishi;Users who have shown intent to purchase Mitsubishi related products/services;
og061;1;ADID;public;$1.50;2015-10-18;TBD; Certified Intenders;Automotive;Makes;Morgan;Users who have shown intent to purchase Morgan related products/services;
og062;1;ADID;public;$1.50;2015-10-18;TBD; Certified Intenders;Automotive;Makes;Nash;Users who have shown intent to purchase Nash related products/services;
og063;1;ADID;public;$1.50;2015-10-18;TBD; Certified Intenders;Automotive;Makes;Nissan;Users who have shown intent to purchase Nissan related products/services;
og064;1;ADID;public;$1.50;2015-10-18;TBD; Certified Intenders;Automotive;Makes;Oldsmobile;Users who have shown intent to purchase Oldsmobile related products/services;
og065;1;ADID;public;$1.50;2015-10-18;TBD; Certified Intenders;Automotive;Makes;Opel;Users who have shown intent to purchase Opel related products/services;
og066;1;ADID;public;$1.50;2015-10-18;TBD; Certified Intenders;Automotive;Makes;Pagani;Users who have shown intent to purchase Pagani related products/services;
og067;1;ADID;public;$1.50;2015-10-18;TBD; Certified Intenders;Automotive;Makes;Panoz;Users who have shown intent to purchase Panoz related products/services;
og068;1;ADID;public;$1.50;2015-10-18;TBD; Certified Intenders;Automotive;Makes;Perodua;Users who have shown intent to purchase Perodua related products/services;
og069;1;ADID;public;$1.50;2015-10-18;TBD; Certified Intenders;Automotive;Makes;Peugeot;Users who have shown intent to purchase Peugeot related products/services;
og070;1;ADID;public;$1.50;2015-10-18;TBD; Certified Intenders;Automotive;Makes;Plymouth;Users who have shown intent to purchase Plymouth related products/services;
og071;1;ADID;public;$1.50;2015-10-18;TBD; Certified Intenders;Automotive;Makes;Pontiac;Users who have shown intent to purchase Pontiac related products/services;
og072;1;ADID;public;$1.50;2015-10-18;TBD; Certified Intenders;Automotive;Makes;Porsche;Users who have shown intent to purchase Porsche related products/services;
og073;1;ADID;public;$1.50;2015-10-18;TBD; Certified Intenders;Automotive;Makes;Proton;Users who have shown intent to purchase Proton related products/services;
og074;1;ADID;public;$1.50;2015-10-18;TBD; Certified Intenders;Automotive;Makes;Ram;Users who have shown intent to purchase Ram related products/services;
og075;1;ADID;public;$1.50;2015-10-18;TBD; Certified Intenders;Automotive;Makes;Renault;Users who have shown intent to purchase Renault related products/services;
og076;1;ADID;public;$1.50;2015-10-18;TBD; Certified Intenders;Automotive;Makes;Rolls Royce;Users who have shown intent to purchase Rolls Royce related products/services;
og077;1;ADID;public;$1.50;2015-10-18;TBD; Certified Intenders;Automotive;Makes;Saab;Users who have shown intent to purchase Saab related products/services;
og078;1;ADID;public;$1.50;2015-10-18;TBD; Certified Intenders;Automotive;Makes;Saleen;Users who have shown intent to purchase Saleen related products/services;
og079;1;ADID;public;$1.50;2015-10-18;TBD; Certified Intenders;Automotive;Makes;Saturn;Users who have shown intent to purchase Saturn related products/services;
og080;1;ADID;public;$1.50;2015-10-18;TBD; Certified Intenders;Automotive;Makes;Scion;Users who have shown intent to purchase Scion related products/services;
og081;1;ADID;public;$1.50;2015-10-18;TBD; Certified Intenders;Automotive;Makes;SEAT;Users who have shown intent to purchase SEAT related products/services;
og082;1;ADID;public;$1.50;2015-10-18;TBD; Certified Intenders;Automotive;Makes;Shelby;Users who have shown intent to purchase Shelby related products/services;
og083;1;ADID;public;$1.50;2015-10-18;TBD; Certified Intenders;Automotive;Makes;Skoda;Users who have shown intent to purchase Skoda related products/services;
og084;1;ADID;public;$1.50;2015-10-18;TBD; Certified Intenders;Automotive;Makes;Smart;Users who have shown intent to purchase Smart related products/services;
og085;1;ADID;public;$1.50;2015-10-18;TBD; Certified Intenders;Automotive;Makes;Spyker;Users who have shown intent to purchase Spyker related products/services;
og086;1;ADID;public;$1.50;2015-10-18;TBD; Certified Intenders;Automotive;Makes;Sterling;Users who have shown intent to purchase Sterling related products/services;
og087;1;ADID;public;$1.50;2015-10-18;TBD; Certified Intenders;Automotive;Makes;Studebaker;Users who have shown intent to purchase Studebaker related products/services;
og088;1;ADID;public;$1.50;2015-10-18;TBD; Certified Intenders;Automotive;Makes;Subaru;Users who have shown intent to purchase Subaru related products/services;
og089;1;ADID;public;$1.50;2015-10-18;TBD; Certified Intenders;Automotive;Makes;Suzuki;Users who have shown intent to purchase Suzuki related products/services;
og090;1;ADID;public;$1.50;2015-10-18;TBD; Certified Intenders;Automotive;Makes;Tesla;Users who have shown intent to purchase Tesla related products/services;
og091;1;ADID;public;$1.50;2015-10-18;TBD; Certified Intenders;Automotive;Makes;Toyota;Users who have shown intent to purchase Toyota related products/services;
og092;1;ADID;public;$1.50;2015-10-18;TBD; Certified Intenders;Automotive;Makes;Triumph;Users who have shown intent to purchase Triumph related products/services;
og093;1;ADID;public;$1.50;2015-10-18;TBD; Certified Intenders;Automotive;Makes;Volkswagen;Users who have shown intent to purchase Volkswagen related products/services;
og094;1;ADID;public;$1.50;2015-10-18;TBD; Certified Intenders;Automotive;Makes;Volvo;Users who have shown intent to purchase Volvo related products/services;
og095;1;ADID;public;$1.50;2015-10-18;TBD; Certified Intenders;Automotive;Makes;Willys;Users who have shown intent to purchase Willys related products/services;
og096;1;ADID;public;$1.50;2015-10-18;TBD; Certified Intenders;Automotive;Makes;Yugo;Users who have shown intent to purchase Yugo related products/services;
;;;;;2015-10-18;TBD; Certified Intenders;Travel;;;Users who have shown intent to purchase Travel related services;Navigational Node
og098;1;ADID;public;$1.50;2015-10-18;TBD; Certified Intenders;Travel;Air Travel;;Users who have shown intent to purchase Air Travel related services;
og099;1;ADID;public;$1.50;2015-10-18;TBD; Certified Intenders;Travel;Hotels & Lodging;;Users who have shown intent to purchase Hotel & Lodging related services;
;;;public;;2015-10-18;TBD; Demographic Insights;;;;OGURY Demographic Insights are extracted from device level data and provide high confidence demographic targeting;Navigational Node
;;;public;;2015-10-18;TBD; Demographic Insights;Languages;;;High confidence language insights;Navigational Node
og158;1;ADID;public;$1.25;2015-10-18;TBD; Demographic Insights;Languages;Arabic Speakers;;High confidence Arabic Speakers;
og159;1;ADID;public;$1.25;2015-10-18;TBD; Demographic Insights;Languages;Chinese Speakers;;High confidence Chinese Speakers;
og160;1;ADID;public;$1.25;2015-10-18;TBD; Demographic Insights;Languages;French Speakers;;High confidence French Speakers;
og161;1;ADID;public;$1.25;2015-10-18;TBD; Demographic Insights;Languages;German Speakers;;High confidence German Speakers;
og162;1;ADID;public;$1.25;2015-10-18;TBD; Demographic Insights;Languages;Hindi Speakers;;High confidence Hindi Speakers;
og163;1;ADID;public;$1.25;2015-10-18;TBD; Demographic Insights;Languages;Italian Speakers;;High confidence Italian Speakers;
og164;1;ADID;public;$1.25;2015-10-18;TBD; Demographic Insights;Languages;Japanese Speakers;;High confidence Japanese Speakers;
og165;1;ADID;public;$1.25;2015-10-18;TBD; Demographic Insights;Languages;Korean Speakers;;High confidence Korean Speakers;
og166;1;ADID;public;$1.25;2015-10-18;TBD; Demographic Insights;Languages;Polish Speakers;;High confidence Polish Speakers;
og167;1;ADID;public;$1.25;2015-10-18;TBD; Demographic Insights;Languages;Portuguese Speakers;;High confidence Portuguese Speakers;
og168;1;ADID;public;$1.25;2015-10-18;TBD; Demographic Insights;Languages;Russian Speakers;;High confidence Russian Speakers;
og169;1;ADID;public;$1.25;2015-10-18;TBD; Demographic Insights;Languages;Spanish Speakers;;High confidence Spanish Speakers;
og170;1;ADID;public;$1.25;2015-10-18;TBD; Demographic Insights;Languages;Vietnamese Speakers;;High confidence Vietnamese Speakers;
;;;public;;2015-10-18;TBD;App Ownership;;;;Device level data indicating high app ownership grouped by categories for lifestyle based targeting;Navigational Node
;;;public;;2015-10-18;TBD;App Ownership;Apps;;;Users with higher than average installed Apps by genre;Navigational Node
og173;1;ADID;public;$1.25;2015-10-18;TBD;App Ownership;Apps;Books & Reference;;Users with higher than average installed Books & Reference apps;
og174;1;ADID;public;$1.25;2015-10-18;TBD;App Ownership;Apps;Business;;Users with higher than average installed Business apps;
og175;1;ADID;public;$1.25;2015-10-18;TBD;App Ownership;Apps;Comics;;Users with higher than average installed Comics apps;
og176;1;ADID;public;$1.25;2015-10-18;TBD;App Ownership;Apps;Communication;;Users with higher than average installed Communication apps;
og177;1;ADID;public;$1.25;2015-10-18;TBD;App Ownership;Apps;Education;;Users with higher than average installed Education apps;
og178;1;ADID;public;$1.25;2015-10-18;TBD;App Ownership;Apps;Entertainment;;Users with higher than average installed Entertainment apps;
og179;1;ADID;public;$1.25;2015-10-18;TBD;App Ownership;Apps;Finance;;Users with higher than average installed Finance apps;
og180;1;ADID;public;$1.25;2015-10-18;TBD;App Ownership;Apps;Health & Fitness;;Users with higher than average installed Health & Fitness apps;
og181;1;ADID;public;$1.25;2015-10-18;TBD;App Ownership;Apps;Libraries & Demo;;Users with higher than average installed Libraries & Demo apps;
og182;1;ADID;public;$1.25;2015-10-18;TBD;App Ownership;Apps;Lifestyle;;Users with higher than average installed Lifestyle apps;
og183;1;ADID;public;$1.25;2015-10-18;TBD;App Ownership;Apps;Media & Video;;Users with higher than average installed Media & Video apps;
og184;1;ADID;public;$1.25;2015-10-18;TBD;App Ownership;Apps;Medical;;Users with higher than average installed Medical apps;
og185;1;ADID;public;$1.25;2015-10-18;TBD;App Ownership;Apps;Music & Audio;;Users with higher than average installed Music & Audio apps;
og186;1;ADID;public;$1.25;2015-10-18;TBD;App Ownership;Apps;News & Magazines;;Users with higher than average installed News & Magazines apps;
og187;1;ADID;public;$1.25;2015-10-18;TBD;App Ownership;Apps;Personalization;;Users with higher than average installed Personalization apps;
og188;1;ADID;public;$1.25;2015-10-18;TBD;App Ownership;Apps;Photography;;Users with higher than average installed Photography apps;
og189;1;ADID;public;$1.25;2015-10-18;TBD;App Ownership;Apps;Productivity;;Users with higher than average installed Productivity apps;
og190;1;ADID;public;$1.25;2015-10-18;TBD;App Ownership;Apps;Shopping;;Users with higher than average installed Shopping apps;
og191;1;ADID;public;$1.25;2015-10-18;TBD;App Ownership;Apps;Social;;Users with higher than average installed Social apps;
og192;1;ADID;public;$1.25;2015-10-18;TBD;App Ownership;Apps;Sports;;Users with higher than average installed Sports apps;
og193;1;ADID;public;$1.25;2015-10-18;TBD;App Ownership;Apps;Tools;;Users with higher than average installed Tools apps;
og194;1;ADID;public;$1.25;2015-10-18;TBD;App Ownership;Apps;Transportation;;Users with higher than average installed Transportation apps;
og195;1;ADID;public;$1.25;2015-10-18;TBD;App Ownership;Apps;Travel & Local;;Users with higher than average installed Travel & Local apps;
og196;1;ADID;public;$1.25;2015-10-18;TBD;App Ownership;Apps;Weather;;Users with higher than average installed Weather apps;
;;;public;;2015-10-18;TBD;App Ownership;Games;;;Users with higher than average installed Games by genre;Navigational Node
og198;1;ADID;public;$1.25;2015-10-18;TBD;App Ownership;Games;Action;;Users with higher than average installed Action games;
og199;1;ADID;public;$1.25;2015-10-18;TBD;App Ownership;Games;Adventure;;Users with higher than average installed Adventure games;
og200;1;ADID;public;$1.25;2015-10-18;TBD;App Ownership;Games;Arcade;;Users with higher than average installed Arcade games;
og201;1;ADID;public;$1.25;2015-10-18;TBD;App Ownership;Games;Board;;Users with higher than average installed Board games;
og202;1;ADID;public;$1.25;2015-10-18;TBD;App Ownership;Games;Card;;Users with higher than average installed Card games;
og204;1;ADID;public;$1.25;2015-10-18;TBD;App Ownership;Games;Casual;;Users with higher than average installed Casual games;
og205;1;ADID;public;$1.25;2015-10-18;TBD;App Ownership;Games;Educational;;Users with higher than average installed Educational games;
og206;1;ADID;public;$1.25;2015-10-18;TBD;App Ownership;Games;Family;;Users with higher than average installed Family games;
og207;1;ADID;public;$1.25;2015-10-18;TBD;App Ownership;Games;Music;;Users with higher than average installed Music games;
og208;1;ADID;public;$1.25;2015-10-18;TBD;App Ownership;Games;Puzzle;;Users with higher than average installed Puzzle games;
og209;1;ADID;public;$1.25;2015-10-18;TBD;App Ownership;Games;Racing;;Users with higher than average installed Racing games;
og210;1;ADID;public;$1.25;2015-10-18;TBD;App Ownership;Games;Role Playing;;Users with higher than average installed Role Playing games;
og211;1;ADID;public;$1.25;2015-10-18;TBD;App Ownership;Games;Simulation;;Users with higher than average installed Simulation games;
og212;1;ADID;public;$1.25;2015-10-18;TBD;App Ownership;Games;Sports Games;;Users with higher than average installed Sports Games games;
og213;1;ADID;public;$1.25;2015-10-18;TBD;App Ownership;Games;Strategy;;Users with higher than average installed Strategy games;
og214;1;ADID;public;$1.25;2015-10-18;TBD;App Ownership;Games;Trivia;;Users with higher than average installed Trivia games;
og215;1;ADID;public;$1.25;2015-10-18;TBD;App Ownership;Games;Word;;Users with higher than average installed Word games;
;;;public;;2015-10-18;TBD; Brand Affinity;;;;OGURY Brand Affinity is calculated using a proprietary ranking based on deterministic user behaviour and interaction (visits, frequency, volume, etc..) with each brand.;Navigational Node
og217;1;ADID;public;$1.50;2015-10-18;TBD; Brand Affinity;1-800-Flowers;;;Users who have shown high brand affinity with 1-800-Flowers;
og218;1;ADID;public;$1.50;2015-10-18;TBD; Brand Affinity;adidas;;;Users who have shown high brand affinity with adidas;
og219;1;ADID;public;$1.50;2015-10-18;TBD; Brand Affinity;Adobe;;;Users who have shown high brand affinity with Adobe;
og220;1;ADID;public;$1.50;2015-10-18;TBD; Brand Affinity;Advance Auto Parts;;;Users who have shown high brand affinity with Advance Auto Parts;
og221;1;ADID;public;$1.50;2015-10-18;TBD; Brand Affinity;Aeropostale;;;Users who have shown high brand affinity with Aeropostale;
og222;1;ADID;public;$1.50;2015-10-18;TBD; Brand Affinity;AliExpress;;;Users who have shown high brand affinity with AliExpress;
og223;1;ADID;public;$1.50;2015-10-18;TBD; Brand Affinity;Amazon;;;Users who have shown high brand affinity with Amazon;
og224;1;ADID;public;$1.50;2015-10-18;TBD; Brand Affinity;American Airlines;;;Users who have shown high brand affinity with American Airlines;
og225;1;ADID;public;$1.50;2015-10-18;TBD; Brand Affinity;American Eagle Outfitters;;;Users who have shown high brand affinity with American Eagle Outfitters;
og226;1;ADID;public;$1.50;2015-10-18;TBD; Brand Affinity;American Express;;;Users who have shown high brand affinity with American Express;
og227;1;ADID;public;$1.50;2015-10-18;TBD; Brand Affinity;Ancestry.com;;;Users who have shown high brand affinity with Ancestry.com;
og228;1;ADID;public;$1.50;2015-10-18;TBD; Brand Affinity;Anna's Linens;;;Users who have shown high brand affinity with Anna's Linens;
og229;1;ADID;public;$1.50;2015-10-18;TBD; Brand Affinity;Apple;;;Users who have shown high brand affinity with Apple;
og230;1;ADID;public;$1.50;2015-10-18;TBD; Brand Affinity;Applebee's;;;Users who have shown high brand affinity with Applebee's;
og231;1;ADID;public;$1.50;2015-10-18;TBD; Brand Affinity;ASOS;;;Users who have shown high brand affinity with ASOS;
og232;1;ADID;public;$1.50;2015-10-18;TBD; Brand Affinity;AT&T;;;Users who have shown high brand affinity with AT&T;
og233;1;ADID;public;$1.50;2015-10-18;TBD; Brand Affinity;Audible;;;Users who have shown high brand affinity with Audible;
og234;1;ADID;public;$1.50;2015-10-18;TBD; Brand Affinity;Auto Parts Warehouse;;;Users who have shown high brand affinity with Auto Parts Warehouse;
og235;1;ADID;public;$1.50;2015-10-18;TBD; Brand Affinity;Autotrader;;;Users who have shown high brand affinity with Autotrader;
og236;1;ADID;public;$1.50;2015-10-18;TBD; Brand Affinity;AutoZone;;;Users who have shown high brand affinity with AutoZone;
og237;1;ADID;public;$1.50;2015-10-18;TBD; Brand Affinity;Avon;;;Users who have shown high brand affinity with Avon;
og238;1;ADID;public;$1.50;2015-10-18;TBD; Brand Affinity;Barnes & Noble;;;Users who have shown high brand affinity with Barnes & Noble;
og239;1;ADID;public;$1.50;2015-10-18;TBD; Brand Affinity;Bass Pro Shops;;;Users who have shown high brand affinity with Bass Pro Shops;
og240;1;ADID;public;$1.50;2015-10-18;TBD; Brand Affinity;Bath & Body Works;;;Users who have shown high brand affinity with Bath & Body Works;
og241;1;ADID;public;$1.50;2015-10-18;TBD; Brand Affinity;bebe;;;Users who have shown high brand affinity with bebe;
og242;1;ADID;public;$1.50;2015-10-18;TBD; Brand Affinity;Bed Bath & Beyond;;;Users who have shown high brand affinity with Bed Bath & Beyond;
og243;1;ADID;public;$1.50;2015-10-18;TBD; Brand Affinity;Best Buy;;;Users who have shown high brand affinity with Best Buy;
og244;1;ADID;public;$1.50;2015-10-18;TBD; Brand Affinity;Best Western;;;Users who have shown high brand affinity with Best Western;
og245;1;ADID;public;$1.50;2015-10-18;TBD; Brand Affinity;Beyond.com;;;Users who have shown high brand affinity with Beyond.com;
og246;1;ADID;public;$1.50;2015-10-18;TBD; Brand Affinity;BJ's Wholesale Club;;;Users who have shown high brand affinity with BJ's Wholesale Club;
og247;1;ADID;public;$1.50;2015-10-18;TBD; Brand Affinity;Blair;;;Users who have shown high brand affinity with Blair;
og248;1;ADID;public;$1.50;2015-10-18;TBD; Brand Affinity;Bloomingdale's;;;Users who have shown high brand affinity with Bloomingdale's;
og249;1;ADID;public;$1.50;2015-10-18;TBD; Brand Affinity;Buckle;;;Users who have shown high brand affinity with Buckle;
og250;1;ADID;public;$1.50;2015-10-18;TBD; Brand Affinity;Cabela's;;;Users who have shown high brand affinity with Cabela's;
og251;1;ADID;public;$1.50;2015-10-18;TBD; Brand Affinity;CafePress;;;Users who have shown high brand affinity with CafePress;
og252;1;ADID;public;$1.50;2015-10-18;TBD; Brand Affinity;Capital One;;;Users who have shown high brand affinity with Capital One;
og253;1;ADID;public;$1.50;2015-10-18;TBD; Brand Affinity;Carter's;;;Users who have shown high brand affinity with Carter's;
og254;1;ADID;public;$1.50;2015-10-18;TBD; Brand Affinity;Charlotte Russe;;;Users who have shown high brand affinity with Charlotte Russe;
og255;1;ADID;public;$1.50;2015-10-18;TBD; Brand Affinity;Chase;;;Users who have shown high brand affinity with Chase;
og256;1;ADID;public;$1.50;2015-10-18;TBD; Brand Affinity;Cheapflights;;;Users who have shown high brand affinity with Cheapflights;
og257;1;ADID;public;$1.50;2015-10-18;TBD; Brand Affinity;Chilis;;;Users who have shown high brand affinity with Chilis;
og258;1;ADID;public;$1.50;2015-10-18;TBD; Brand Affinity;Choice Hotels;;;Users who have shown high brand affinity with Choice Hotels;
og259;1;ADID;public;$1.50;2015-10-18;TBD; Brand Affinity;Cinemark;;;Users who have shown high brand affinity with Cinemark;
og260;1;ADID;public;$1.50;2015-10-18;TBD; Brand Affinity;Coach;;;Users who have shown high brand affinity with Coach;
og261;1;ADID;public;$1.50;2015-10-18;TBD; Brand Affinity;Costco;;;Users who have shown high brand affinity with Costco;
og262;1;ADID;public;$1.50;2015-10-18;TBD; Brand Affinity;Coupons.com;;;Users who have shown high brand affinity with Coupons.com;
og263;1;ADID;public;$1.50;2015-10-18;TBD; Brand Affinity;CVS/pharmacy;;;Users who have shown high brand affinity with CVS/pharmacy;
og264;1;ADID;public;$1.50;2015-10-18;TBD; Brand Affinity;Dell Home & Home Office;;;Users who have shown high brand affinity with Dell Home & Home Office;
og265;1;ADID;public;$1.50;2015-10-18;TBD; Brand Affinity;Delta;;;Users who have shown high brand affinity with Delta;
og266;1;ADID;public;$1.50;2015-10-18;TBD; Brand Affinity;Diapers.com;;;Users who have shown high brand affinity with Diapers.com;
og267;1;ADID;public;$1.50;2015-10-18;TBD; Brand Affinity;Dick's Sporting Goods;;;Users who have shown high brand affinity with Dick's Sporting Goods;
og268;1;ADID;public;$1.50;2015-10-18;TBD; Brand Affinity;Dillard's;;;Users who have shown high brand affinity with Dillard's;
og269;1;ADID;public;$1.50;2015-10-18;TBD; Brand Affinity;DIRECTV;;;Users who have shown high brand affinity with DIRECTV;
og270;1;ADID;public;$1.50;2015-10-18;TBD; Brand Affinity;Discovery Channel Store;;;Users who have shown high brand affinity with Discovery Channel Store;
og271;1;ADID;public;$1.50;2015-10-18;TBD; Brand Affinity;Disney Store;;;Users who have shown high brand affinity with Disney Store;
og272;1;ADID;public;$1.50;2015-10-18;TBD; Brand Affinity;Dollar General;;;Users who have shown high brand affinity with Dollar General;
og273;1;ADID;public;$1.50;2015-10-18;TBD; Brand Affinity;Dollar Tree;;;Users who have shown high brand affinity with Dollar Tree;
og274;1;ADID;public;$1.50;2015-10-18;TBD; Brand Affinity;Domino's Pizza;;;Users who have shown high brand affinity with Domino's Pizza;
og275;1;ADID;public;$1.50;2015-10-18;TBD; Brand Affinity;DrJays;;;Users who have shown high brand affinity with DrJays;
og276;1;ADID;public;$1.50;2015-10-18;TBD; Brand Affinity;DSW;;;Users who have shown high brand affinity with DSW;
og277;1;ADID;public;$1.50;2015-10-18;TBD; Brand Affinity;Dunkin' Donuts;;;Users who have shown high brand affinity with Dunkin' Donuts;
og278;1;ADID;public;$1.50;2015-10-18;TBD; Brand Affinity;Eastbay;;;Users who have shown high brand affinity with Eastbay;
og279;1;ADID;public;$1.50;2015-10-18;TBD; Brand Affinity;eBay;;;Users who have shown high brand affinity with eBay;
og280;1;ADID;public;$1.50;2015-10-18;TBD; Brand Affinity;Edible Arrangements;;;Users who have shown high brand affinity with Edible Arrangements;
og281;1;ADID;public;$1.50;2015-10-18;TBD; Brand Affinity;Enterprise Rent-A-Car;;;Users who have shown high brand affinity with Enterprise Rent-A-Car;
og282;1;ADID;public;$1.50;2015-10-18;TBD; Brand Affinity;Etsy;;;Users who have shown high brand affinity with Etsy;
og283;1;ADID;public;$1.50;2015-10-18;TBD; Brand Affinity;EverSave;;;Users who have shown high brand affinity with EverSave;
og284;1;ADID;public;$1.50;2015-10-18;TBD; Brand Affinity;Expedia;;;Users who have shown high brand affinity with Expedia;
og285;1;ADID;public;$1.50;2015-10-18;TBD; Brand Affinity;Express;;;Users who have shown high brand affinity with Express;
og286;1;ADID;public;$1.50;2015-10-18;TBD; Brand Affinity;Famous Footwear;;;Users who have shown high brand affinity with Famous Footwear;
og287;1;ADID;public;$1.50;2015-10-18;TBD; Brand Affinity;Fandango;;;Users who have shown high brand affinity with Fandango;
og288;1;ADID;public;$1.50;2015-10-18;TBD; Brand Affinity;Fingerhut;;;Users who have shown high brand affinity with Fingerhut;
og289;1;ADID;public;$1.50;2015-10-18;TBD; Brand Affinity;Finish Line;;;Users who have shown high brand affinity with Finish Line;
og290;1;ADID;public;$1.50;2015-10-18;TBD; Brand Affinity;Foot Locker;;;Users who have shown high brand affinity with Foot Locker;
og291;1;ADID;public;$1.50;2015-10-18;TBD; Brand Affinity;Forever 21;;;Users who have shown high brand affinity with Forever 21;
og292;1;ADID;public;$1.50;2015-10-18;TBD; Brand Affinity;FragranceNet.com;;;Users who have shown high brand affinity with FragranceNet.com;
og293;1;ADID;public;$1.50;2015-10-18;TBD; Brand Affinity;Fry's;;;Users who have shown high brand affinity with Fry's;
og294;1;ADID;public;$1.50;2015-10-18;TBD; Brand Affinity;GameStop;;;Users who have shown high brand affinity with GameStop;
og295;1;ADID;public;$1.50;2015-10-18;TBD; Brand Affinity;Gap;;;Users who have shown high brand affinity with Gap;
og296;1;ADID;public;$1.50;2015-10-18;TBD; Brand Affinity;GNC;;;Users who have shown high brand affinity with GNC;
og297;1;ADID;public;$1.50;2015-10-18;TBD; Brand Affinity;Google Play;;;Users who have shown high brand affinity with Google Play;
og298;1;ADID;public;$1.50;2015-10-18;TBD; Brand Affinity;Groupon;;;Users who have shown high brand affinity with Groupon;
og299;1;ADID;public;$1.50;2015-10-18;TBD; Brand Affinity;Guitar Center;;;Users who have shown high brand affinity with Guitar Center;
og300;1;ADID;public;$1.50;2015-10-18;TBD; Brand Affinity;Gymboree;;;Users who have shown high brand affinity with Gymboree;
og301;1;ADID;public;$1.50;2015-10-18;TBD; Brand Affinity;H&M;;;Users who have shown high brand affinity with H&M;
og302;1;ADID;public;$1.50;2015-10-18;TBD; Brand Affinity;H&R Block At Home;;;Users who have shown high brand affinity with H&R Block At Home;
og303;1;ADID;public;$1.50;2015-10-18;TBD; Brand Affinity;HauteLook;;;Users who have shown high brand affinity with HauteLook;
og304;1;ADID;public;$1.50;2015-10-18;TBD; Brand Affinity;Hayneedle;;;Users who have shown high brand affinity with Hayneedle;
og305;1;ADID;public;$1.50;2015-10-18;TBD; Brand Affinity;Hilton;;;Users who have shown high brand affinity with Hilton;
og306;1;ADID;public;$1.50;2015-10-18;TBD; Brand Affinity;Home Depot;;;Users who have shown high brand affinity with Home Depot;
og307;1;ADID;public;$1.50;2015-10-18;TBD; Brand Affinity;Hot Topic;;;Users who have shown high brand affinity with Hot Topic;
og308;1;ADID;public;$1.50;2015-10-18;TBD; Brand Affinity;Hotels.com;;;Users who have shown high brand affinity with Hotels.com;
og309;1;ADID;public;$1.50;2015-10-18;TBD; Brand Affinity;Hotwire;;;Users who have shown high brand affinity with Hotwire;
og310;1;ADID;public;$1.50;2015-10-18;TBD; Brand Affinity;HP Home & Home Office;;;Users who have shown high brand affinity with HP Home & Home Office;
og311;1;ADID;public;$1.50;2015-10-18;TBD; Brand Affinity;HSN;;;Users who have shown high brand affinity with HSN;
og312;1;ADID;public;$1.50;2015-10-18;TBD; Brand Affinity;ideeli;;;Users who have shown high brand affinity with ideeli;
og313;1;ADID;public;$1.50;2015-10-18;TBD; Brand Affinity;IHOP;;;Users who have shown high brand affinity with IHOP;
og314;1;ADID;public;$1.50;2015-10-18;TBD; Brand Affinity;IKEA;;;Users who have shown high brand affinity with IKEA;
og315;1;ADID;public;$1.50;2015-10-18;TBD; Brand Affinity;JCPenney;;;Users who have shown high brand affinity with JCPenney;
og316;1;ADID;public;$1.50;2015-10-18;TBD; Brand Affinity;JetBlue;;;Users who have shown high brand affinity with JetBlue;
og317;1;ADID;public;$1.50;2015-10-18;TBD; Brand Affinity;Jo-Ann;;;Users who have shown high brand affinity with Jo-Ann;
og318;1;ADID;public;$1.50;2015-10-18;TBD; Brand Affinity;Joss & Main;;;Users who have shown high brand affinity with Joss & Main;
og319;1;ADID;public;$1.50;2015-10-18;TBD; Brand Affinity;JustFab;;;Users who have shown high brand affinity with JustFab;
og320;1;ADID;public;$1.50;2015-10-18;TBD; Brand Affinity;Justice;;;Users who have shown high brand affinity with Justice;
og321;1;ADID;public;$1.50;2015-10-18;TBD; Brand Affinity;Kay Jewelers;;;Users who have shown high brand affinity with Kay Jewelers;
og322;1;ADID;public;$1.50;2015-10-18;TBD; Brand Affinity;Kirkland's Home Decor;;;Users who have shown high brand affinity with Kirkland's Home Decor;
og323;1;ADID;public;$1.50;2015-10-18;TBD; Brand Affinity;Kmart;;;Users who have shown high brand affinity with Kmart;
og324;1;ADID;public;$1.50;2015-10-18;TBD; Brand Affinity;Kohl's;;;Users who have shown high brand affinity with Kohl's;
og325;1;ADID;public;$1.50;2015-10-18;TBD; Brand Affinity;Kroger;;;Users who have shown high brand affinity with Kroger;
og326;1;ADID;public;$1.50;2015-10-18;TBD; Brand Affinity;Lane Bryant;;;Users who have shown high brand affinity with Lane Bryant;
og327;1;ADID;public;$1.50;2015-10-18;TBD; Brand Affinity;LEGO;;;Users who have shown high brand affinity with LEGO;
og328;1;ADID;public;$1.50;2015-10-18;TBD; Brand Affinity;Levi's;;;Users who have shown high brand affinity with Levi's;
og329;1;ADID;public;$1.50;2015-10-18;TBD; Brand Affinity;Lids;;;Users who have shown high brand affinity with Lids;
og330;1;ADID;public;$1.50;2015-10-18;TBD; Brand Affinity;LivingSocial;;;Users who have shown high brand affinity with LivingSocial;
og331;1;ADID;public;$1.50;2015-10-18;TBD; Brand Affinity;Longhorn Steakhouse;;;Users who have shown high brand affinity with Longhorn Steakhouse;
og332;1;ADID;public;$1.50;2015-10-18;TBD; Brand Affinity;Lowe's;;;Users who have shown high brand affinity with Lowe's;
og333;1;ADID;public;$1.50;2015-10-18;TBD; Brand Affinity;Macy's;;;Users who have shown high brand affinity with Macy's;
og334;1;ADID;public;$1.50;2015-10-18;TBD; Brand Affinity;Marriott;;;Users who have shown high brand affinity with Marriott;
og335;1;ADID;public;$1.50;2015-10-18;TBD; Brand Affinity;Match.com;;;Users who have shown high brand affinity with Match.com;
og336;1;ADID;public;$1.50;2015-10-18;TBD; Brand Affinity;Maurices;;;Users who have shown high brand affinity with Maurices;
og337;1;ADID;public;$1.50;2015-10-18;TBD; Brand Affinity;Meijer;;;Users who have shown high brand affinity with Meijer;
og338;1;ADID;public;$1.50;2015-10-18;TBD; Brand Affinity;Michael's;;;Users who have shown high brand affinity with Michael's;
og339;1;ADID;public;$1.50;2015-10-18;TBD; Brand Affinity;Mint.com;;;Users who have shown high brand affinity with Mint.com;
og340;1;ADID;public;$1.50;2015-10-18;TBD; Brand Affinity;MLB.com;;;Users who have shown high brand affinity with MLB.com;
og341;1;ADID;public;$1.50;2015-10-18;TBD; Brand Affinity;ModCloth;;;Users who have shown high brand affinity with ModCloth;
og342;1;ADID;public;$1.50;2015-10-18;TBD; Brand Affinity;Montgomery Ward;;;Users who have shown high brand affinity with Montgomery Ward;
og343;1;ADID;public;$1.50;2015-10-18;TBD; Brand Affinity;MYHABIT;;;Users who have shown high brand affinity with MYHABIT;
og344;1;ADID;public;$1.50;2015-10-18;TBD; Brand Affinity;NASCAR Superstore;;;Users who have shown high brand affinity with NASCAR Superstore;
og345;1;ADID;public;$1.50;2015-10-18;TBD; Brand Affinity;National Geographic;;;Users who have shown high brand affinity with National Geographic;
og346;1;ADID;public;$1.50;2015-10-18;TBD; Brand Affinity;NBA Store;;;Users who have shown high brand affinity with NBA Store;
og347;1;ADID;public;$1.50;2015-10-18;TBD; Brand Affinity;Neiman Marcus;;;Users who have shown high brand affinity with Neiman Marcus;
og348;1;ADID;public;$1.50;2015-10-18;TBD; Brand Affinity;Netflix;;;Users who have shown high brand affinity with Netflix;
og349;1;ADID;public;$1.50;2015-10-18;TBD; Brand Affinity;New Balance;;;Users who have shown high brand affinity with New Balance;
og350;1;ADID;public;$1.50;2015-10-18;TBD; Brand Affinity;New York & Company;;;Users who have shown high brand affinity with New York & Company;
og351;1;ADID;public;$1.50;2015-10-18;TBD; Brand Affinity;Newegg;;;Users who have shown high brand affinity with Newegg;
og352;1;ADID;public;$1.50;2015-10-18;TBD; Brand Affinity;NFL Shop;;;Users who have shown high brand affinity with NFL Shop;
og353;1;ADID;public;$1.50;2015-10-18;TBD; Brand Affinity;Nike;;;Users who have shown high brand affinity with Nike;
og354;1;ADID;public;$1.50;2015-10-18;TBD; Brand Affinity;No More Rack;;;Users who have shown high brand affinity with No More Rack;
og355;1;ADID;public;$1.50;2015-10-18;TBD; Brand Affinity;Nordstrom;;;Users who have shown high brand affinity with Nordstrom;
og356;1;ADID;public;$1.50;2015-10-18;TBD; Brand Affinity;Office Depot;;;Users who have shown high brand affinity with Office Depot;
og357;1;ADID;public;$1.50;2015-10-18;TBD; Brand Affinity;Old Navy;;;Users who have shown high brand affinity with Old Navy;
og358;1;ADID;public;$1.50;2015-10-18;TBD; Brand Affinity;Olive Garden;;;Users who have shown high brand affinity with Olive Garden;
og359;1;ADID;public;$1.50;2015-10-18;TBD; Brand Affinity;OneStopPlus;;;Users who have shown high brand affinity with OneStopPlus;
og360;1;ADID;public;$1.50;2015-10-18;TBD; Brand Affinity;Orbitz;;;Users who have shown high brand affinity with Orbitz;
og361;1;ADID;public;$1.50;2015-10-18;TBD; Brand Affinity;Oriental Trading Company;;;Users who have shown high brand affinity with Oriental Trading Company;
og362;1;ADID;public;$1.50;2015-10-18;TBD; Brand Affinity;Outback Steakhouse;;;Users who have shown high brand affinity with Outback Steakhouse;
og363;1;ADID;public;$1.50;2015-10-18;TBD; Brand Affinity;Overstock;;;Users who have shown high brand affinity with Overstock;
og364;1;ADID;public;$1.50;2015-10-18;TBD; Brand Affinity;Papa John's;;;Users who have shown high brand affinity with Papa John's;
og365;1;ADID;public;$1.50;2015-10-18;TBD; Brand Affinity;Party City Store;;;Users who have shown high brand affinity with Party City Store;
og366;1;ADID;public;$1.50;2015-10-18;TBD; Brand Affinity;Payless Shoes;;;Users who have shown high brand affinity with Payless Shoes;
og367;1;ADID;public;$1.50;2015-10-18;TBD; Brand Affinity;PETCO;;;Users who have shown high brand affinity with PETCO;
og368;1;ADID;public;$1.50;2015-10-18;TBD; Brand Affinity;PetSmart;;;Users who have shown high brand affinity with PetSmart;
og369;1;ADID;public;$1.50;2015-10-18;TBD; Brand Affinity;Pizza Hut;;;Users who have shown high brand affinity with Pizza Hut;
og370;1;ADID;public;$1.50;2015-10-18;TBD; Brand Affinity;Pottery Barn;;;Users who have shown high brand affinity with Pottery Barn;
og371;1;ADID;public;$1.50;2015-10-18;TBD; Brand Affinity;Pottery Barn Kids;;;Users who have shown high brand affinity with Pottery Barn Kids;
og372;1;ADID;public;$1.50;2015-10-18;TBD; Brand Affinity;Priceline;;;Users who have shown high brand affinity with Priceline;
og373;1;ADID;public;$1.50;2015-10-18;TBD; Brand Affinity;ProFlowers;;;Users who have shown high brand affinity with ProFlowers;
og374;1;ADID;public;$1.50;2015-10-18;TBD; Brand Affinity;Quality Health;;;Users who have shown high brand affinity with Quality Health;
og375;1;ADID;public;$1.50;2015-10-18;TBD; Brand Affinity;QVC;;;Users who have shown high brand affinity with QVC;
og376;1;ADID;public;$1.50;2015-10-18;TBD; Brand Affinity;RadioShack;;;Users who have shown high brand affinity with RadioShack;
og377;1;ADID;public;$1.50;2015-10-18;TBD; Brand Affinity;Ralph Lauren;;;Users who have shown high brand affinity with Ralph Lauren;
og378;1;ADID;public;$1.50;2015-10-18;TBD; Brand Affinity;Red Lobster;;;Users who have shown high brand affinity with Red Lobster;
og379;1;ADID;public;$1.50;2015-10-18;TBD; Brand Affinity;Redbox;;;Users who have shown high brand affinity with Redbox;
og380;1;ADID;public;$1.50;2015-10-18;TBD; Brand Affinity;REI;;;Users who have shown high brand affinity with REI;
og381;1;ADID;public;$1.50;2015-10-18;TBD; Brand Affinity;Restaurant.com;;;Users who have shown high brand affinity with Restaurant.com;
og382;1;ADID;public;$1.50;2015-10-18;TBD; Brand Affinity;RiteAid;;;Users who have shown high brand affinity with RiteAid;
og383;1;ADID;public;$1.50;2015-10-18;TBD; Brand Affinity;Safeway;;;Users who have shown high brand affinity with Safeway;
og384;1;ADID;public;$1.50;2015-10-18;TBD; Brand Affinity;Saks;;;Users who have shown high brand affinity with Saks;
og385;1;ADID;public;$1.50;2015-10-18;TBD; Brand Affinity;Sally Beauty Supply;;;Users who have shown high brand affinity with Sally Beauty Supply;
og386;1;ADID;public;$1.50;2015-10-18;TBD; Brand Affinity;Sam's Club;;;Users who have shown high brand affinity with Sam's Club;
og387;1;ADID;public;$1.50;2015-10-18;TBD; Brand Affinity;Samsung;;;Users who have shown high brand affinity with Samsung;
og388;1;ADID;public;$1.50;2015-10-18;TBD; Brand Affinity;Sears;;;Users who have shown high brand affinity with Sears;
og389;1;ADID;public;$1.50;2015-10-18;TBD; Brand Affinity;Sephora;;;Users who have shown high brand affinity with Sephora;
og390;1;ADID;public;$1.50;2015-10-18;TBD; Brand Affinity;Seventh Avenue;;;Users who have shown high brand affinity with Seventh Avenue;
og391;1;ADID;public;$1.50;2015-10-18;TBD; Brand Affinity;ShoeDazzle;;;Users who have shown high brand affinity with ShoeDazzle;
og392;1;ADID;public;$1.50;2015-10-18;TBD; Brand Affinity;Shutterfly;;;Users who have shown high brand affinity with Shutterfly;
og393;1;ADID;public;$1.50;2015-10-18;TBD; Brand Affinity;Skype;;;Users who have shown high brand affinity with Skype;
og394;1;ADID;public;$1.50;2015-10-18;TBD; Brand Affinity;Southwest Airlines;;;Users who have shown high brand affinity with Southwest Airlines;
og395;1;ADID;public;$1.50;2015-10-18;TBD; Brand Affinity;Sports Authority;;;Users who have shown high brand affinity with Sports Authority;
og396;1;ADID;public;$1.50;2015-10-18;TBD; Brand Affinity;Sprint;;;Users who have shown high brand affinity with Sprint;
og397;1;ADID;public;$1.50;2015-10-18;TBD; Brand Affinity;Staples;;;Users who have shown high brand affinity with Staples;
og398;1;ADID;public;$1.50;2015-10-18;TBD; Brand Affinity;Starwood Hotels Resorts;;;Users who have shown high brand affinity with Starwood Hotels Resorts;
og399;1;ADID;public;$1.50;2015-10-18;TBD; Brand Affinity;Subway;;;Users who have shown high brand affinity with Subway;
og400;1;ADID;public;$1.50;2015-10-18;TBD; Brand Affinity;T-Mobile;;;Users who have shown high brand affinity with T-Mobile;
og401;1;ADID;public;$1.50;2015-10-18;TBD; Brand Affinity;Target;;;Users who have shown high brand affinity with Target;
og402;1;ADID;public;$1.50;2015-10-18;TBD; Brand Affinity;Texas Roadhouse;;;Users who have shown high brand affinity with Texas Roadhouse;
og403;1;ADID;public;$1.50;2015-10-18;TBD; Brand Affinity;TGI Fridays;;;Users who have shown high brand affinity with TGI Fridays;
og404;1;ADID;public;$1.50;2015-10-18;TBD; Brand Affinity;The Children's Place;;;Users who have shown high brand affinity with The Children's Place;
og405;1;ADID;public;$1.50;2015-10-18;TBD; Brand Affinity;The Knot;;;Users who have shown high brand affinity with The Knot;
og406;1;ADID;public;$1.50;2015-10-18;TBD; Brand Affinity;The North Face;;;Users who have shown high brand affinity with The North Face;
og407;1;ADID;public;$1.50;2015-10-18;TBD; Brand Affinity;Toys'R'Us;;;Users who have shown high brand affinity with Toys'R'Us;
og408;1;ADID;public;$1.50;2015-10-18;TBD; Brand Affinity;Travelocity;;;Users who have shown high brand affinity with Travelocity;
og409;1;ADID;public;$1.50;2015-10-18;TBD; Brand Affinity;Travelzoo;;;Users who have shown high brand affinity with Travelzoo;
og410;1;ADID;public;$1.50;2015-10-18;TBD; Brand Affinity;TripAdvisor;;;Users who have shown high brand affinity with TripAdvisor;
og411;1;ADID;public;$1.50;2015-10-18;TBD; Brand Affinity;TurboTax;;;Users who have shown high brand affinity with TurboTax;
og412;1;ADID;public;$1.50;2015-10-18;TBD; Brand Affinity;UGG Australia;;;Users who have shown high brand affinity with UGG Australia;
og413;1;ADID;public;$1.50;2015-10-18;TBD; Brand Affinity;ULTA;;;Users who have shown high brand affinity with ULTA;
og414;1;ADID;public;$1.50;2015-10-18;TBD; Brand Affinity;Under Armour;;;Users who have shown high brand affinity with Under Armour;
og415;1;ADID;public;$1.50;2015-10-18;TBD; Brand Affinity;United;;;Users who have shown high brand affinity with United;
og416;1;ADID;public;$1.50;2015-10-18;TBD; Brand Affinity;Urban Outfitters;;;Users who have shown high brand affinity with Urban Outfitters;
og417;1;ADID;public;$1.50;2015-10-18;TBD; Brand Affinity;Verizon Wireless;;;Users who have shown high brand affinity with Verizon Wireless;
og418;1;ADID;public;$1.50;2015-10-18;TBD; Brand Affinity;Victoria's Secret;;;Users who have shown high brand affinity with Victoria's Secret;
og419;1;ADID;public;$1.50;2015-10-18;TBD; Brand Affinity;Vistaprint;;;Users who have shown high brand affinity with Vistaprint;
og420;1;ADID;public;$1.50;2015-10-18;TBD; Brand Affinity;Walgreens;;;Users who have shown high brand affinity with Walgreens;
og421;1;ADID;public;$1.50;2015-10-18;TBD; Brand Affinity;Walmart;;;Users who have shown high brand affinity with Walmart;
og422;1;ADID;public;$1.50;2015-10-18;TBD; Brand Affinity;Wayfair;;;Users who have shown high brand affinity with Wayfair;
og423;1;ADID;public;$1.50;2015-10-18;TBD; Brand Affinity;Weight Watchers;;;Users who have shown high brand affinity with Weight Watchers;
og424;1;ADID;public;$1.50;2015-10-18;TBD; Brand Affinity;Wet Seal;;;Users who have shown high brand affinity with Wet Seal;
og425;1;ADID;public;$1.50;2015-10-18;TBD; Brand Affinity;Yelp;;;Users who have shown high brand affinity with Yelp;
og426;1;ADID;public;$1.50;2015-10-18;TBD; Brand Affinity;Zales;;;Users who have shown high brand affinity with Zales;
og427;1;ADID;public;$1.50;2015-10-18;TBD; Brand Affinity;Zappos;;;Users who have shown high brand affinity with Zappos;
og428;1;ADID;public;$1.50;2015-10-18;TBD; Brand Affinity;Zazzle;;;Users who have shown high brand affinity with Zazzle;
og429;1;ADID;public;$1.50;2015-10-18;TBD; Brand Affinity;zulily;;;Users who have shown high brand affinity with zulily;
